url,label
https://www.google.com,0
https://www.microsoft.com,0
https://www.wikipedia.org,0
https://www.python.org,0
https://github.com,0
https://www.apple.com,0
https://www.amazon.com,0
https://www.mozilla.org,0
https://www.linkedin.com,0
https://www.python.org/downloads/,0
http://secure-login-example.com/verify/account,1
http://account-security-example.com/login,1
http://192.168.1.50/login/verify,1
http://verify-user-example.com/password/update,1
http://secure-account-example.com/signin,1
http://login-verification-example.com/account,1
http://update-account-example.com/secure/login,1
http://user-login-example.com/verify/password,1
http://account-confirm-example.com/login,1
http://signin-security-example.com/verification,1
